drawing,bom_rows,status,basis
D-001,11;17,linked,"Sheet ""Door - x2, 3mm aluminium"" covers both door rows. The cut-out for a window conflicts with the Back Door row's design intent ""without window""."
D-002,10,linked,"Upstream file LeftWall; BOM ""Left Side Box"". Both stainless (sheet: 2mm non-magnetic stainless)."
D-003,13,linked,"Upstream file MainPlatform; BOM ""Print Platform"". BOM intent describes the Z-axis bore fit; the sheet has the Ø262 H8 bore and says 20mm aluminium."
D-004,14,linked,"Upstream file TopPlate; BOM ""Top Side"". Both stainless."
D-005,16,linked,"Same name. Sheet title ""Window Clamp Frame"", 6061; BOM aluminium."
D-006,91,ambiguous,"Left and right canister walls, stainless, one of each. The Powder diagram calls these plates ""Reservoir support"". Closest BOM row is ""Powder handling mount bracket"" (stainless, 2), which D-008 could equally be."
D-007,90,linked,"Dispenser shaft with three grooves is the Powder diagram's ""Dispenser drum"". BOM ""Powder roller"" notes the slots needed fillets; aluminium and quantity 2 agree."
D-008,91,ambiguous,"Powder bracket, 2-3mm stainless. Competes with D-006 for ""Powder handling mount bracket""; nothing in the evidence separates them."
D-009,89,linked,"Powder canister, stainless, welded. BOM ""Powder hopper"" is stainless and notes welds filed down. The Powder diagram's ""Reservoir""."
D-010,93,linked,"Titled ""Motor Plate"" but it is in the Powder set: 2mm stainless, Ø22,1 pilot and four small holes for the NEMA 11 dispense stepper. Not BOM ""Motor plate"" (row 49), which is the Z-axis plate."
D-011,30,linked,"BOM datasheet file is RecoaterArm.PDF, the upstream file of this sheet."
D-012,32,linked,"BOM datasheet file is RecoaterMountBlock.PDF, the upstream file of this sheet."
D-013,28,linked,"BOM ""Recoater head"" lists RecoaterPlate.pdf and says it mounts to the recoater arm; the sheet note reads ""Justeringsplade til recoater"" (adjustment plate). Row 31 lists the same file."
D-014,31,linked,"Upstream file RecoaterStagePlate; BOM ""Recoater stage plate"", intent ""mounts to linear bearings"", sheet note ""Plade til linæer føring"" (plate for linear guide). The row's datasheet field names RecoaterPlate.pdf instead, which is D-013's file."
D-015,27,linked,"BOM datasheet file is Silicone270mm_1mm_x2.pdf, the upstream file of this sheet. Quantity 2 on both."
D-016,81,probable,"Galvo bottom plate with the Ø145 opening; BOM ""Galvo box bracket"" attaches the galvo to the top box plate. Chosen partly because D-017 is the clearer match for the adapter plate."
D-017,79,linked,"Sheet note ""Galvo Collimator Plade""; BOM ""Sunny Galvo Adapter Plate"", where galvo and collimator mount together."
D-018,82,probable,"Two galvo side mounts; BOM ""Galve support bracket"", quantity 2. Material conflicts: the sheet is machined 7075 aluminium, the row says stainless sheet metal."
D-019,83,linked,"1mm silicone gasket, Ø118/Ø141, matching D-020's seal ring; BOM ""Silicone gasket f-theta ring""."
D-020,80,linked,"SealRing with o-ring groove; BOM ""F-theta seal ring""."
D-021,61,probable,"Blower outlet / gas outlet box. BOM has ""Gas flow end duct"" (Polymer) and ""Gas flow inlet geometry""; the outlet is the end duct by elimination. Material conflicts: the sheet says stainless."
D-022,62,probable,"Inlet box with a perforated face; BOM ""Gas flow inlet geometry"". The row records no material."
D-023,46,linked,"ByggeCylinder; BOM ""Build cylinder"", OD280 ID252 in the design intent, Ø252 on the sheet."
D-024,47,linked,"ByggeBase; BOM ""Build base"". Intent says about 1mm smaller in radius than the cylinder: Ø250 base in a Ø252 bore."
D-025,53,probable,"Bygge Base Ring, Ø250/Ø224, 2-3mm aluminium. BOM ""Seal clamp plate"" is a ring that clamps the ceramic seal, and its note says the inner diameter was too small."
D-026,48,linked,"Build Plate. The sheet says 1-3 of each in stainless and aluminium; the row says stainless/steel, quantity 10."
D-027,50,linked,"Cylinder Spænd Ring (clamp ring); BOM ""Build cylinder clamp ring"". The Z-axis diagram shows it attaching to the main platform."
D-028,51,linked,"Varmeelement Plade (heating element plate); BOM ""Heating element plate"". Quantity 3 on both."
D-029,49,ambiguous,"Z-axis bottom plate. The only Z-axis plate row is ""Motor plate"" (row 49), which D-030 matches by name; the evidence does not say which of the two the row means."
D-030,49,ambiguous,"Z-axis motor plate. Name matches row 49 ""Motor plate"", but D-029 is the other candidate and the sheet is a degraded scan without outline dimensions."
